ÍTEM,DEL FOLIO/PAGINAS,RAZON SOCIAL REMITENTE,No. RADICADO REMITENTE,RAZON SOCIAL DESTINATARIO,No. RADICADO DESTINATARIO,FECHA (DD/MM/AAAA),ASUNTO / TIPO DOCUMENTAL,UBICACION_ARCHIVO
1,16,Consorcio 4C,CI.004/GP2860/17/7.1.9,CONCESIÓN ALTO MAGDALENA S.A.S.,ALMA-R-2017-02816,23/08/2017,003 de 2014 Concesión Honda – Girardot – Puerto Salgar. Solicitud Visita Predio Sra. Rosaura Martínez,15_01_Cartas_Enviadas/RADICADAS/2017/CI004_286017_070109_CON_VISITA_PREDIO_ROSAURAMARTINEZ.pdf
4,6,Consorcio 4C,CI.004/GP2958/17/7.1.1,CONCESIÓN ALTO MAGDALENA S.A.S,ALMA-R-2017-03034,07/09/2017,Seguimiento al Plan de Obras Manifestación de Atraso Actividades Constructivas UF 4.1,15_01_Cartas_Enviadas/RADICADAS/2017/CI004_295817_070101_CON_PLAN_OBRAS_UF4.1.pdf
2,5,Consorcio 4C,GP-2738,CONCESIÓN ALTO MAGDALENA S.A.S.,ALMA-R-2017-02508,28/07/2017,revision permiso ocupacion de cauce K8+600,15_01_Cartas_Enviadas/RADICADAS/2017/CI004_273817_070107_070108_CON_HIDRAU_OBRA-K8600_ALMA-0492.pdf
3,4,Consorcio 4C,GP-3000,CONCESIÓN ALTO MAGDALENA S.A.S.,ALMA-R-2017-03129,12/09/2017,OBRAS DRENAJE TRANSVERSAL SUPRIMIDAS,15_01_Cartas_Enviadas/RADICADAS/2017/CI004_300017_070107_070103_CON_ALCANTA_SUPRIMIDAS_UF3.pdf
6,4,Consorcio 4C,ALMA-R-2017-02486,CONCESIÓN ALTO MAGDALENA S.A.S.,20174090802572,27/07/2017,003 de 2014 Concesión Honda - Girardot - Puerto Salgar. Seguimiento Condiciones Trabajo UF 1 y 2,15_01_Cartas_Enviadas/RADICADAS/2017/CI004_272117_070108_CON_SEGUIM_CONDSEG_UF1-UF2.pdf
8,7,Consorcio 4C,ALMA-R-2017-02627,CONCESIÓN ALTO MAGDALENA S.A.S,CI.004/GP2802/17/7.4.1,03/08/2017,Revisión Avalúos. Respuesta a comunicación ALMA-2017-2863 y ALMA-2017-3000,15_01_Cartas_Enviadas/RADICADAS/2017/CI004_280217_070401_CON_OBS_ALMA-2863-3000..pdf
7,3,Consorcio 4C,CI.004/GP1937/17/7.4.1,CONCESIÓN ALTO MAGDALENA S.A.S.,20174090236272,02/03/2017,003 de 2014 Concesión Honda – Girardot – Puerto Salgar. Certificaciones Uso del Suelo UF 3. Respuesta ALMA-2017-0419 y ALMA-2017-0423.,15_01_Cartas_Enviadas/RADICADAS/2017/CI004_193717_070401_CON_CERT_USO_ALMA-0423-0419.pdf
5,4,Consorcio 4C,CI.004/GP3290/17/7.1.8,CONCESIÓN ALTO MAGDALENA S.A.S.,ALMA-R-2017-03679,23/10/2017,003 de 2014 Concesión Honda - Girardot - Puerto Salgar. Seguimiento condiciones de seguridad UF 1 y 2. Semana 141,15_01_Cartas_Enviadas/RADICADAS/2017/CI004_329017_070108_CON_SEGSISO_UF1-2_SEM141.pdf
9,2,Consorcio 4C,CI.004/GP2776/17/5.3,CONCESIÓN ALTO MAGDALENA S.A.S.,ALMA-R-2017-02585,01/08/2017,003 de 2014 Concesión Honda - Girardot - Puerto Salgar Rta. ALMA-2017-2824 - Elusión Chicoral.,15_01_Cartas_Enviadas/RADICADAS/2017/CI004_277617_050300_CON_RTA5528_ELUSIÓN_CHCORAL..pdf
12,2,Consorcio 4C,CI.004/GP03589/17/7.1.8,COLMENA ARL,SIN RADICADO CONSTATADO,19/12/2017,145 de 2014 Concesión Honda - Girardot - Puerto Salgar. Documentación Accidente Laboral Gentil Alberto Alape Orozco,15_01_Cartas_Enviadas/RADICADAS/2017/CI004_358917_070110_COLMENA_RADIC_1.pdf
11,2,Consorcio 4C,CI.004/GP2164/17/7.1.7,CONCESIÓN ALTO MAGDALENA S.A.S.,ALMA-R-2017-01254,19/04/2017,Estudio de Suelos de la Zona de Pesaje UF2. Respuesta a ALMA-2015-1241.,15_01_Cartas_Enviadas/RADICADAS/2017/CI004_216417_070107_CON_OBS_ZPESAJE_UF2_SUELOS.pdf
14,4,Consorcio 4C,ALMA-R-2017-02857,CONCESIÓN ALTO MAGDALENA S.A.S,CI.004/GP2892/17/7.1.8,25/08/2017,Informe Cumplimiento Ambiental - ICA UF 4.1 Respuesta ALMA-2017-3045,15_01_Cartas_Enviadas/RADICADAS/2017/CI004_289217_070108_CON_OBS_ ICA_4.1_ALMA-3045.pdf
15,1,Consorcio 4C,CI.004/GP2840/17/7.2.2,AGENCIA NACIONAL DE INFRAESTRUCTURA – ANI,2017-409-087929-2,16/08/2017,003 de 2014 Concesión Honda – Girardot – Puerto Salgar. Remisión Formato GCSP-F-001 Mantenimiento de Bienes de Uso Público – Julio 2017,15_01_Cartas_Enviadas/RADICADAS/2017/CI004_284017_070200_ANI_REMISION_FORMATO_GCSP-F-001_MTTO_JUL-17.pdf
10,5,Consorcio 4C,CI.004/GP3318/17/7.1.8,CONCESIÓN ALTO MAGDALENA S.A.S,ALMA-R-2017-03734,24/10/2017,003 de 2014 Concesión Honda – Girardot – Puerto Salgar. Zona de Nivelación Topográfica K90+900,15_01_Cartas_Enviadas/RADICADAS/2017/CI004_331817_070108_IMPACT_ZNT_K90+900.pdf
17,4,Consorcio 4C,GP-3482,CONCESIÓN ALTO MAGDALENA S.A.S.,ALMA-R-2017-04148,28/11/2017,003 de 2014 Concesión Girardot - Honda - Puerto Salgar. Tarifa Diferencial Especial Peaje de Cambao.,15_01_Cartas_Enviadas/RADICADAS/2017/CI004_348217_050300_CON_TARIFA_DIFERENCIAL (1)..pdf
16,4,Consorcio 4C,CI.004/GP320517/7.4.1,CONCESIÓN ALTO MAGDALENA S.A.S,ALMA-R-2017-03501,06/10/2017,003 de 2014 Concesión Honda - Girardot - Puerto Salgar Observaciones Revisión Avalúos Respuesta Comunicación ALMA-2017-3820,15_01_Cartas_Enviadas/RADICADAS/2017/CI004_320517_070401_CON_OBSERV_PREDIAL_ALMA-3820.pdf
13,7,Consorcio 4C,ALMA-R-2017-02917,CONCESIÓN ALTO MAGDALENA S.A.S,CI.004/GP2906/17/7.1.3,30/08/2017,Informacion Procedimientos Constructivos Puente Río Magdalena UF1.,15_01_Cartas_Enviadas/RADICADAS/2017/CI004_290617_070103_CON_COTAS-TENS_DOVELAS_PTE-MAGDALENAUF1.pdf
18,4,Consorcio 4C,CI.004/GP3623/17/7.1.10,CONCESIÓN ALTO MAGDALENA S.A.S,ALMA-R-2017-04467,26/12/2017,Solicitud Investigación Accidente Trabajo,15_01_Cartas_Enviadas/RADICADAS/2017/CI004_362317_070110_CON_SOL_AT2017.pdf
19,3,Consorcio 4C,CI.004/GP3441/17/7.4.1,CONCESIÓN ALTO MAGDALENA S.A.S.,ALMA-R-2017-04042,07/11/2017,003 de 2014 Concesión Honda - Girardot - Puerto Salgar. Observaciones Fichas Prediales UF 4 y 5 Respuesta ALMA-2017-4378 y ALMA-2017-4330,15_01_Cartas_Enviadas/RADICADAS/2017/CI004_344117_070401_CON_EXPED_ALMA-4330-4378 (1).pdf
21,3,Consorcio 4C,CI.004/GP3399/17/7.4.1,CONCESIÓN ALTO MAGDALENA S.A.S.,ALMA-R-2017-03949,07/11/2017,"003 de 2014 Concesión Honda – Girardot – Puerto Salgar. Observaciones Fichas Prediales UF 3 Y 4 Respuesta ALMA-2017-4198, ALMA-2017-4269, ALMA-2017-3809 y ALMA-2017-4270","15_01_Cartas_Enviadas/RADICADAS/2017/CI004_339917_070401_CON_OBS_ALMA-4198, 4269, 3809, 4270.pdf"
24,4,Consorcio 4C,ALMA-R-2017-03195,CONCESIÓN ALTO MAGDALENA S.A.S,CI.004/GP3052/17/7.1.8,20/09/2017,"Observaciones Seguridad Social Mayo, Junio y Salarios Abril, Mayo de 2017",15_01_Cartas_Enviadas/RADICADAS/2017/CI004_305217_070108_CON_SEG_SOC_SAL.pdf
20,3,Consorcio 4C,ALMA-R-2017-00430,CONCESIÓN ALTO MAGDALENA S.A.S,CI.004/GP1798/17/7.1.7,04/02/2017,"Observaciones al diseño de mezcla método Marshall, el ensayo de deformación plástica y el módulo dinámico de la MSC19. Respuesta a ALMA-2017-0111.",15_01_Cartas_Enviadas/RADICADAS/2017/CI004_179817_070107_CON_OBSERV_PAVIM_MSC19_RTA0111.pdf
26,2,CONCESION ALTO MAGDALENA S.A.S,ALMA-R-2017-02809,LEONARDO SALAZAR,CI.004/GP2867/17/7.1.9,23/08/2017,Respuesta Solicitud Leonardo Salazar,15_01_Cartas_Enviadas/RADICADAS/2017/CI004_286717_070109_COM_DP_LEONARDO_SALAZAR.pdf
25,2,Consorcio 4C,CI.004/GP2661/17/7.2,AGENCIA NACIONAL DE INFRAESTRUCTURA — ANI,2017-409-077105-2,19/07/2017,003 de 2014 Concesión Honda — Girardot — Puerto Salgar. Remisión Formato GCSP-F-001 Mantenimiento de Bienes de Uso Público — Junio 2017,15_01_Cartas_Enviadas/RADICADAS/2017/CI004_266117_070200_ANI_REMI_FORMATO_GCSP-F-001.pdf
27,3,Consorcio 4C,ALMA-R-2017-04198,CONCESIÓN ALTO MAGDALENA S.A.S.,20174091289912,30/11/2017,Condiciones de Seguridad UF 5 Semana 147,15_01_Cartas_Enviadas/RADICADAS/2017/CI004_351617_070110_CON_SEGSISO_UF5_SEM147 (2)..pdf
31,3,Consorcio 4C,ALMA-R-2017-03318,CONCESIÓN ALTO MAGDALENA S.A.S.,CI.004/GP3110/17/7.1.3,27/09/2017,seguimiento obra condiciones aceros estr,15_01_Cartas_Enviadas/RADICADAS/2017/CI004_311017_070103_CON_REVIS_ESTRIBOS_P16G-UF3.pdf
30,3,Consorcio 4C,CI.004/GP3017/17/7.4.1,CONCESIÓN ALTO MAGDALENA S.A.S,ALMA-R-2017-03113,13/09/2017,003 de 2014 Concesión Honda - Girardot - Puerto Salgar. Gestión Predial Unidad Funcional 2 - Nariño,15_01_Cartas_Enviadas/RADICADAS/2017/CI004_301717_070401_CON_PREDIOS_NARIÑO.pdf
35,4,Consorcio 4C,ALMA-R-2017-00056,CONCESIÓN ALTO MAGDALENA S.A.S.,CI.004/GP1671/17/7.1.8,04/01/2017,003 de 2014 Concesión Honda - Girardot - Puerto Salgar Manejo Ambiental Residuos Vegetales Producto del Aprovechamiento Forestal UF 2,15_01_Cartas_Enviadas/RADICADAS/2017/CI004_167117_070108_2CON_MANEJO_RESIDUOS_PODA_UF2..pdf
38,5,Consorcio 4C,CI.004/GP1710/17/7.1.7,CONCESIÓN ALTO MAGDALENA S.A.S,ALMA-R-2017-00206,19/01/2017,003 de 2014 Concesión Honda - Girardot - Puerto Salgar Metodologia Constructiva Caisson Pila 2 Puente Sobre Rio Magdalena UF1 - Respuesta comunicado ALMA-2017-0080,15_01_Cartas_Enviadas/RADICADAS/2017/CI004_171017_070107_CON_RERESPUESTA_ALMA0080_METODOLOGIA PILA2 PTE RIO MAGDUF1.pdf
42,1,Consorcio 4C,CI.004/GP3161/17/7.1.8,SANITAS EPS,SIN RADICADO CONSTATADO,03/10/2017,145 de 2014 Concesión Honda - Girardot - Puerto Salgar. Entrega documentación accidente laboral de Milton Felipe Urquijo Ducuara,15_01_Cartas_Enviadas/RADICADAS/2017/CI004_316117_070108_SANITAS_RADIC_AT_MFU1.pdf
649,3,Consorcio 4C,CI.004/GP3192/17/7.4.1,CONCESIÓN ALTO MAGDALENA S.A.S.,ALMA-R-2017-03476,03/10/2017,003 de 2014 Concesión Honda – Girardot – Puerto Salgar. Observaciones Fichas Prediales UF4 Respuesta ALMA-2017-3740,15_01_Cartas_Enviadas/RADICADAS/2017/CI004_319217_070401_CON_VICON_OBS_ALMA-3740.pdf
646,3,Consorcio 4C,CI.004/GP1776/17/7.1.4.,CONCESIÓN ALTO MAGDALENA S.A.S.,ALMA-R-2017-00390,01/02/2017,Fresado de la Superficie de Rodadura Unidad Funcional 5 - Seguridad vial.,15_01_Cartas_Enviadas/RADICADAS/2017/CI004_177617_070104_CON_FRESADO_UF5_DEMARCACIÓN1.pdf
650,3,Consorcio 4C,ALMA-R-2017-03851,CONCESIÓN ALTO MAGDALENA S.A.S.,20174091183732,01/11/2017,003 de 2014 Concesión Honda - Girardot - Puerto Salgar. Seguimiento Condiciones Seguridad UF 3 Semana 142,15_01_Cartas_Enviadas/RADICADAS/2017/CI004_334317_070108_CON_SEGSISO_UF3_SEM142.pdf
648,4,Consorcio 4C,ALMA-R-2017-03881,CONCESIÓN ALTO MAGDALENA S.A.S,CI.004/GP3336/17/7.4.1,30/10/2017,Revisión Avalúos Comunicación ALMA-2017-4080,15_01_Cartas_Enviadas/RADICADAS/2017/CI004_333617_070401_CON_OBS_ALMA-4080.pdf
647,6,Consorcio 4C,CI.004/GP2452/17/7.4,CONCESIÓN ALTO MAGDALENA S.A.S,ALMA-R-2017-01928,09/06/2017,003 de 2014 Concesión Honda - Girardot - Puerto Salgar. Avalúos Comunicación ALMA-2017-2032,15_01_Cartas_Enviadas/RADICADAS/2017/CI004_245217_070401_CON_OBS_ALMA-2017-20321.pdf
1225,4,Consorcio 4C,ALMA-R-2017-02120,CONCESIÓN ALTO MAGDALENA S.A.S.,CI.004/GP2545/17/7.1.9.,28/06/2017,003 de 2014 Concesión Honda - Girardot - Puerto Salgar Derecho de petición Señor Julio Cesar Romero Barón,15_01_Cartas_Enviadas/RADICADAS/2017/CI004_254517_070109_2CON_DP_JULIO_ROMERO1..pdf
1436,8,Consorcio 4C,Cl.004/GP1828/17/7.4,CONCESIÓN ALTO MAGDALENA S.A.S,ALMA-R-2017-00498,10/02/2017,003 de 2014 Concesión Honda - Girardot - Puerto Salgar Observaciones Resolución de Expropiación UF4 Respuesta a comunicación ALMA-2017-0479,15_01_Cartas_Enviadas/RADICADAS/2017/CI004_182817_070401_2CON_OBS_RES_EXP_ALMA-0479.pdf
1439,2,Consorcio 4C,ALMA-R-2017-01286,CONCESIÓN ALTO MAGDALENA S.A.S.,SIN RADICADO CONSTATADO,20/04/2017,Observaciones Fichas Prediales UF 3 Respuesta ALMA-2017-1258.,15_01_Cartas_Enviadas/RADICADAS/2017/CI004_218317_070401_CON_OBS_ALMA-1258.pdf
1445,3,Consorcio 4C,CI.004/GP2772/17/7.1.11,CONCESIÓN ALTO MAGDALENA S.A.S.,ALMA-R-2017-02581,01/08/2017,003 de 2014 Concesión Honda - Girardot - Puerto Salgar Izaje Vigas Intersección Chicoral Respuesta Comunicado ALMA-2017-2621,15_01_Cartas_Enviadas/RADICADAS/2017/CI004_277217_070111_CON_PMT_VIGAS_CHICORAL.pdf
1448,2,Consorcio 4C,ALMA-R-2017-01465,CONCESIÓN ALTO MAGDALENA S.A.S,CI.004/GP2254/17/7.1.9.,05/05/2017,003 de 2014 Concesión Honda - Girardot - Puerto Salgar Alcance comunicado CI.004/2072/17/7.1.9 Actualización Anual del Plan de Gestión Social Contractual,15_01_Cartas_Enviadas/RADICADAS/2017/CI004_225417_070109_2CON_ACT_ANUAL_PGSC.pdf
1446,4,Consorcio 4C,CI.004/GP2472/17/7.1.13,CONCESIÓN ALTO MAGDALENA S.A.S,ALMA-R-2017-01967,14/06/2017,003 de 2014 Concesión Honda – Girardot – Puerto Salgar Memoria Técnica Enero 2017 ALMA-2017-2040,15_01_Cartas_Enviadas/RADICADAS/2017/CI004_247217_070113_CON_MEMOTECNICA_ENERO_ALMA-2040.pdf
1449,4,Consorcio 4C,CI.004/GP2948/17/7.1.7,CONCESIÓN ALTO MAGDALENA S.A.S.,ALMA-R-2017-03015,06/09/2017,003 de 2014 Concesión Honda - Girardot - Puerto Salgar Permiso Ocupación Cauce K15+531 - UF2 Respuesta ALMA-2017-1173,15_01_Cartas_Enviadas/RADICADAS/2017/CI004_294817_070108_CON_POC_K15 531_ALMA-1173.pdf
1450,6,Consorcio 4C,CI.004/GP2629/17/7.1.2,CONCESIÓN ALTO MAGDALENA S.A.S,ALMA-R-2017-02323,14/07/2017,003 de 2014 Concesión Honda - Girardot - Puerto Salgar. Información Sistema Gestión Calidad.,15_01_Cartas_Enviadas/RADICADAS/2017/CI004_262917_070102_2CON_INFORMACION_ISO_CONCESION.pdf
1454,2,CONSORCIO 4C,CI.004/GP3489/17/7.4.2,CONCESIÓN ALTO MAGDALENA S.A.S.,ALMA-R-2017-04158,29/11/2017,003 de 2014 Concesión Honda - Girardot - Puerto Salgar. Revisión Fichas Sociales ALMA-2-0118-1,15_01_Cartas_Enviadas/RADICADAS/2017/CI004_348917_070402_CON_FICHAS_SOCIALES_ALMA-4462 (1).pdf
1455,5,Consorcio 4C,ALMA-R-2017-00946,CONCESION ALTO MAGDALENA S.A.S.,CI.004/GP2033/17/7.1.8,21/03/2017,Seguimiento de obra condiciones de aceros de pilotes puente 3 del K 26+030 UF2.,15_01_Cartas_Enviadas/RADICADAS/2017/CI004_203317_070103_CON_ACEROS_PTEK26+030UF2.pdf
1459,4,Consorcio 4C,CI.004/GP2748/17/7.1.11,AGENCIA NACIONAL DE INFRAESTRUCTURA - ANI,20174090797962,28/07/2017,003 de 2014. Concesión Honda - Puerto Salgar - Girardot. Acto Administrativo Cierre Ruta 4004B Comunicación ALMA-2017-2758,15_01_Cartas_Enviadas/RADICADAS/2017/CI004_274817_070111_ANI_TABLERO_RESOLUCIÓN_CHICORAL_20174090797962..pdf
1482,4,Consorcio 4C,CI.004/GP3535/17/7.1.9.,CONCESIÓN ALTO MAGDALENA S.A.S.,ALMA-R-2017-04229,01/12/2017,Cumplimiento Compromisos Señor Hernando Bernal,15_01_Cartas_Enviadas/RADICADAS/2017/CI004_353517_070109_CON_COMPROMISOS_HERNANDO_BERNAL (1)..pdf
1483,3,Consorcio 4C,ALMA-R-2017-00763,CONCESIÓN ALTO MAGDALENA S.A.S.,CI.004/GP1951/17/7.4.1,07/03/2017,"Observaciones Fichas Prediales UF 3, 4 y 5 Respuesta ALMA-2017-0477, ALMA-2017-0496, ALMA-2017-0497 y ALMA-2017-0498.",15_01_Cartas_Enviadas/RADICADAS/2017/CI004_195117_070401_CON_OBS_ALMA-477.pdf
1504,8,Consorcio 4C,CI.004/GP3650/17/7.5,CONCESIÓN ALTO MAGDALENA S.A.S,ALMA-R-2017-04531,29/12/2017,Revisión Memoria Técnica Julio 2017,15_01_Cartas_Enviadas/RADICADAS/2017/CI004_365017_070500_CON_OBS_RESPUESTAS_ MEMOTECNICA-3417-JULIO.pdf
1503,2,Consorcio 4C,CI.004/GP3616/17/7.1.10,CONCESIÓN ALTO MAGDALENA S.A.S.,ALMA-R-2017-04458,22/12/2017,003 de 2014 Concesión Honda - Girardot - Puerto Salgar. Entrega Memorando Entendimiento,15_01_Cartas_Enviadas/RADICADAS/2017/CI004_361617_070110_CON_ENTREGA_MEMO_SST.pdf
1512,2,CONSORCIO 4C,ALMA-R-2017-04369,CONCESIÓN ALTO MAGDALENA S.A.S.,CI.004/GP3574/17/7.1.4.,15/12/2017,Cronograma Obras Peaje Cambao,15_01_Cartas_Enviadas/RADICADAS/2017/CI004_357417_070301_PROGRAMA_PEAJE_CAMBAO (5).pdf
1532,4,Consorcio 4C,GP-3170,CONCESIÓN ALTO MAGDALENA S.A.S.,ALMA-R-2017-03442,05/10/2017,PERMISO OCUPACION CAUCE K16+111 UF2,15_01_Cartas_Enviadas/RADICADAS/2017/CI004_317017_070108_070107_CON_REV_POC-K16+111_ALMA-1174.pdf
1583,9,Consorcio 4C,CI.004/GP3610/17/7.4.1,CONCESION ALTO MAGDALENA S.A.S.,ALMA-R-2017-04451,21/12/2017,"003 de 2014. Concesión Honda – Girardot – Puerto Salgar. Gestión Predial Unidades Funcionales 1, 2 y 4",15_01_Cartas_Enviadas/RADICADAS/2017/CI004_361017_070401_CON_AVANCE_PREDIALUF124.pdf
1587,2,CONSORCIO 4C,CI.004/GP3075/17/7.1.9.,CONCESIÓN ALTO MAGDALENA S.A.S.,ALMA-R-2017-03219,20/09/2017,003 de 2014 Concesión Honda – Girardot – Puerto Salgar Atención PQRS Alcaldía Municipal de La Dorada,15_01_Cartas_Enviadas/RADICADAS/2017/CI004_307517_070109_CON_PQRS_ALCALDIA_LADORADA.pdf
1602,5,Consorcio 4C,ALMA-R-2017-03375,CONCESIÓN ALTO MAGDALENA S.A.S.,CI.004/GP314717/7.1.3,02/10/2017,003 de 2014 Concesión Honda - Girardot - Puerto Salgar. Condiciones Anden y New Jersey Puente Río Magdalena UF1,15_01_Cartas_Enviadas/RADICADAS/2017/CI004_314717_070103_CON_ANDEN_NEWJERSEY_MAGDALENA_UF1.pdf
